<?xml version='1.0'?>
<home version='6000' exportFlags='17' name='Proba.sh3d' camera='observerCamera' wallHeight='243.84'>
  <environment groundColor='00A8A8A8' skyColor='00CCE4FC' lightColor='00D0D0D0'/>
  <observerCamera attribute='observerCamera' lens='PINHOLE' x='877.07355' y='161.2111' z='183.09091' yaw='7.8724833' pitch='0.13341367' fieldOfView='1.0995575' time='1585396800000'/>
  <camera attribute='topCamera' lens='PINHOLE' x='573.8518' y='-906.88293' z='1022.97205' yaw='-12.543478' pitch='0.69079715' fieldOfView='1.0995575' time='1585396800000'/>
  <doorOrWindow catalogId='Scopia#puerta' name='Door' creator='Scopia' model='1/puerta.obj' x='187.20573' y='166.51376' angle='4.712389' width='86.994995' depth='13.91995' height='209.8675' modelSize='183373' movable='false' cutOutShape='M0,0 v1 h1 v-1 z' wallCutOutOnBothSides='true'/>
  <doorOrWindow catalogId='Scopia#puerta' name='Door' creator='Scopia' model='1/puerta.obj' x='910.5979' y='166.50876' angle='1.5707964' width='86.994995' depth='13.91995' height='209.8675' modelSize='183373' movable='false' cutOutShape='M0,0 v1 h1 v-1 z' wallCutOutOnBothSides='true'/>
  <pieceOfFurniture catalogId='Scopia#dog' name='Dog' creator='Scopia' model='3/dog.obj' x='866.87805' y='29.591042' angle='1.5707964' width='35.559998' depth='82.8675' height='74.93' modelSize='175862'/>
  <pieceOfFurniture catalogId='Scopia#cat' name='Cat' creator='Scopia' model='5/cat.obj' x='214.64455' y='334.19556' angle='4.712389' width='22.86' depth='33.9725' height='45.72' modelSize='157755'/>
  <pieceOfFurniture name='frame_horizontal' model='7/frame_horizontal.obj' x='534.2037' y='7.381346' angle='8.746566E-8' width='154.94' depth='9.8425' height='129.8575' modelSize='144310'>
    <material name='Canvas'>
      <texture name='Zoka' width='20.32' height='22.057396' image='8'/>
    </material>
  </pieceOfFurniture>
  <pieceOfFurniture name='frame_vertical' model='10/frame_vertical.obj' x='797.0682' y='359.3301' angle='3.1415927' width='127.634995' depth='7.62' height='154.94' modelSize='63785'>
    <material name='Canvas'>
      <texture name='1.' width='20.32' height='21.333796' image='11'/>
    </material>
  </pieceOfFurniture>
  <pieceOfFurniture name='frame_vertical' model='10/frame_vertical.obj' x='904.50183' y='59.193764' angle='1.5707964' width='127.634995' depth='7.62' height='154.94' modelSize='63785'>
    <material name='Canvas'>
      <texture name='2.' width='20.32' height='21.333796' image='12'/>
    </material>
  </pieceOfFurniture>
  <pieceOfFurniture name='frame_horizontal' model='7/frame_horizontal.obj' x='363.48544' y='358.21884' angle='3.1415927' width='154.94' depth='9.8425' height='129.8575' modelSize='144310'>
    <material name='Canvas'>
      <texture name='3.' width='20.32' height='21.333796' image='13'/>
    </material>
  </pieceOfFurniture>
  <pieceOfFurniture catalogId='Scopia#mannequinBrunette' name='Mannequin female' creator='Scopia' model='15/mannequinBrunette.obj' x='228.0227' y='26.42214' width='58.42' depth='26.67' height='174.9425' modelSize='1234972'>
    <material name='FaceSkin'>
      <texture name='original' width='20.32' height='11.43' image='16'/>
    </material>
    <material name='Hands' color='FFE30600'/>
    <material name='NeckSkin'>
      <texture name='original' width='20.32' height='11.43' image='16'/>
    </material>
  </pieceOfFurniture>
  <wall id='wall0' wallAtEnd='wall1' xStart='185.68182' yStart='-1.3498707' xEnd='185.68182' yEnd='366.9501' height='243.84' thickness='7.62' pattern='hatchUp'/>
  <wall id='wall1' wallAtStart='wall0' wallAtEnd='wall2' xStart='185.68182' yStart='366.9501' xEnd='912.1218' yEnd='366.9501' height='243.84' thickness='7.62' pattern='hatchUp'/>
  <wall id='wall2' wallAtStart='wall1' wallAtEnd='wall3' xStart='912.1218' yStart='366.9501' xEnd='912.1218' yEnd='-1.3498707' height='243.84' thickness='7.62' pattern='hatchUp'/>
  <wall id='wall3' wallAtStart='wall2' xStart='912.1218' yStart='-1.3498707' xEnd='185.68182' yEnd='-1.3499342' height='243.84' thickness='7.62' pattern='hatchUp'/>
</home>